"country","league","season","start_time","start_time_unix","score","team1","team2","bookmaker","odd_type","odd","odd_time","odd_time_unix","retrieved_from_url"
"ecuador","serie-a","2017-2018","Tuesday, 19 Jun 2018, 00:15","1529367300","3:1","Ind. del Valle","Dep. Cuenca","bet365.it","1","1.61","18 Jun 20:19 2018","1529353140","http://www.oddsportal.com/soccer/ecuador/serie-a/independiente-del-valle-dep-cuenca-KW7lI2H9/"
"ecuador","serie-a","2017-2018","Tuesday, 19 Jun 2018, 00:15","1529367300","3:1","Ind. del Valle","Dep. Cuenca","bet365.it","1","1.57","18 Jun 20:09 2018","1529352540","http://www.oddsportal.com/soccer/ecuador/serie-a/independiente-del-valle-dep-cuenca-KW7lI2H9/"
"ecuador","serie-a","2017-2018","Tuesday, 19 Jun 2018, 00:15","1529367300","3:1","Ind. del Valle","Dep. Cuenca","bet365.it","1","1.61","18 Jun 20:01 2018","1529352060","http://www.oddsportal.com/soccer/ecuador/serie-a/independiente-del-valle-dep-cuenca-KW7lI2H9/"
"ecuador","serie-a","2017-2018","Tuesday, 19 Jun 2018, 00:15","1529367300","3:1","Ind. del Valle","Dep. Cuenca","bet365.it","1","1.57","18 Jun 10:26 2018","1529317560","http://www.oddsportal.com/soccer/ecuador/serie-a/independiente-del-valle-dep-cuenca-KW7lI2H9/"
"ecuador","serie-a","2017-2018","Tuesday, 19 Jun 2018, 00:15","1529367300","3:1","Ind. del Valle","Dep. Cuenca","bet365.it","1","1.53","18 Jun 09:14 2018","1529313240","http://www.oddsportal.com/soccer/ecuador/serie-a/independiente-del-valle-dep-cuenca-KW7lI2H9/"
"ecuador","serie-a","2017-2018","Tuesday, 19 Jun 2018, 00:15","1529367300","3:1","Ind. del Valle","Dep. Cuenca","bet365.it","1","1.61","18 Jun 01:14 2018","1529284440","http://www.oddsportal.com/soccer/ecuador/serie-a/independiente-del-valle-dep-cuenca-KW7lI2H9/"
"ecuador","serie-a","2017-2018","Tuesday, 19 Jun 2018, 00:15","1529367300","3:1","Ind. del Valle","Dep. Cuenca","bet365.it","1","1.66","17 Jun 22:06 2018","1529273160","http://www.oddsportal.com/soccer/ecuador/serie-a/independiente-del-valle-dep-cuenca-KW7lI2H9/"
"ecuador","serie-a","2017-2018","Tuesday, 19 Jun 2018, 00:15","1529367300","3:1","Ind. del Valle","Dep. Cuenca","bet365.it","1","1.61","15 Jun 01:53 2018","1529027580","http://www.oddsportal.com/soccer/ecuador/serie-a/independiente-del-valle-dep-cuenca-KW7lI2H9/"
"ecuador","serie-a","2017-2018","Tuesday, 19 Jun 2018, 00:15","1529367300","3:1","Ind. del Valle","Dep. Cuenca","bet365.it","X","3.8","18 Jun 20:09 2018","1529352540","http://www.oddsportal.com/soccer/ecuador/serie-a/independiente-del-valle-dep-cuenca-KW7lI2H9/"
"ecuador","serie-a","2017-2018","Tuesday, 19 Jun 2018, 00:15","1529367300","3:1","Ind. del Valle","Dep. Cuenca","bet365.it","X","3.75","18 Jun 20:01 2018","1529352060","http://www.oddsportal.com/soccer/ecuador/serie-a/independiente-del-valle-dep-cuenca-KW7lI2H9/"
"ecuador","serie-a","2017-2018","Tuesday, 19 Jun 2018, 00:15","1529367300","3:1","Ind. del Valle","Dep. Cuenca","bet365.it","X","3.8","18 Jun 10:26 2018","1529317560","http://www.oddsportal.com/soccer/ecuador/serie-a/independiente-del-valle-dep-cuenca-KW7lI2H9/"
"ecuador","serie-a","2017-2018","Tuesday, 19 Jun 2018, 00:15","1529367300","3:1","Ind. del Valle","Dep. Cuenca","bet365.it","X","4.0","18 Jun 09:14 2018","1529313240","http://www.oddsportal.com/soccer/ecuador/serie-a/independiente-del-valle-dep-cuenca-KW7lI2H9/"
"ecuador","serie-a","2017-2018","Tuesday, 19 Jun 2018, 00:15","1529367300","3:1","Ind. del Valle","Dep. Cuenca","bet365.it","X","3.8","18 Jun 01:14 2018","1529284440","http://www.oddsportal.com/soccer/ecuador/serie-a/independiente-del-valle-dep-cuenca-KW7lI2H9/"
"ecuador","serie-a","2017-2018","Tuesday, 19 Jun 2018, 00:15","1529367300","3:1","Ind. del Valle","Dep. Cuenca","bet365.it","X","3.75","17 Jun 22:06 2018","1529273160","http://www.oddsportal.com/soccer/ecuador/serie-a/independiente-del-valle-dep-cuenca-KW7lI2H9/"
"ecuador","serie-a","2017-2018","Tuesday, 19 Jun 2018, 00:15","1529367300","3:1","Ind. del Valle","Dep. Cuenca","bet365.it","X","3.6","15 Jun 01:53 2018","1529027580","http://www.oddsportal.com/soccer/ecuador/serie-a/independiente-del-valle-dep-cuenca-KW7lI2H9/"
"ecuador","serie-a","2017-2018","Tuesday, 19 Jun 2018, 00:15","1529367300","3:1","Ind. del Valle","Dep. Cuenca","bet365.it","2","5.5","18 Jun 20:19 2018","1529353140","http://www.oddsportal.com/soccer/ecuador/serie-a/independiente-del-valle-dep-cuenca-KW7lI2H9/"
"ecuador","serie-a","2017-2018","Tuesday, 19 Jun 2018, 00:15","1529367300","3:1","Ind. del Valle","Dep. Cuenca","bet365.it","2","5.0","18 Jun 20:09 2018","1529352540","http://www.oddsportal.com/soccer/ecuador/serie-a/independiente-del-valle-dep-cuenca-KW7lI2H9/"
"ecuador","serie-a","2017-2018","Tuesday, 19 Jun 2018, 00:15","1529367300","3:1","Ind. del Valle","Dep. Cuenca","bet365.it","2","4.75","18 Jun 20:01 2018","1529352060","http://www.oddsportal.com/soccer/ecuador/serie-a/independiente-del-valle-dep-cuenca-KW7lI2H9/"
"ecuador","serie-a","2017-2018","Tuesday, 19 Jun 2018, 00:15","1529367300","3:1","Ind. del Valle","Dep. Cuenca","bet365.it","2","5.5","18 Jun 10:26 2018","1529317560","http://www.oddsportal.com/soccer/ecuador/serie-a/independiente-del-valle-dep-cuenca-KW7lI2H9/"
"ecuador","serie-a","2017-2018","Tuesday, 19 Jun 2018, 00:15","1529367300","3:1","Ind. del Valle","Dep. Cuenca","bet365.it","2","6.0","18 Jun 09:14 2018","1529313240","http://www.oddsportal.com/soccer/ecuador/serie-a/independiente-del-valle-dep-cuenca-KW7lI2H9/"
"ecuador","serie-a","2017-2018","Tuesday, 19 Jun 2018, 00:15","1529367300","3:1","Ind. del Valle","Dep. Cuenca","bet365.it","2","5.5","18 Jun 01:14 2018","1529284440","http://www.oddsportal.com/soccer/ecuador/serie-a/independiente-del-valle-dep-cuenca-KW7lI2H9/"
"ecuador","serie-a","2017-2018","Tuesday, 19 Jun 2018, 00:15","1529367300","3:1","Ind. del Valle","Dep. Cuenca","bet365.it","2","5.0","17 Jun 22:06 2018","1529273160","http://www.oddsportal.com/soccer/ecuador/serie-a/independiente-del-valle-dep-cuenca-KW7lI2H9/"
"ecuador","serie-a","2017-2018","Tuesday, 19 Jun 2018, 00:15","1529367300","3:1","Ind. del Valle","Dep. Cuenca","bet365.it","2","4.6","15 Jun 01:53 2018","1529027580","http://www.oddsportal.com/soccer/ecuador/serie-a/independiente-del-valle-dep-cuenca-KW7lI2H9/"
"ecuador","serie-a","2017-2018","Tuesday, 19 Jun 2018, 00:15","1529367300","3:1","Ind. del Valle","Dep. Cuenca","Betclic.it","1","1.6","18 Jun 21:53 2018","1529358780","http://www.oddsportal.com/soccer/ecuador/serie-a/independiente-del-valle-dep-cuenca-KW7lI2H9/"
"ecuador","serie-a","2017-2018","Tuesday, 19 Jun 2018, 00:15","1529367300","3:1","Ind. del Valle","Dep. Cuenca","Betclic.it","1","1.62","18 Jun 21:23 2018","1529356980","http://www.oddsportal.com/soccer/ecuador/serie-a/independiente-del-valle-dep-cuenca-KW7lI2H9/"
"ecuador","serie-a","2017-2018","Tuesday, 19 Jun 2018, 00:15","1529367300","3:1","Ind. del Valle","Dep. Cuenca","Betclic.it","1","1.6","18 Jun 20:53 2018","1529355180","http://www.oddsportal.com/soccer/ecuador/serie-a/independiente-del-valle-dep-cuenca-KW7lI2H9/"
"ecuador","serie-a","2017-2018","Tuesday, 19 Jun 2018, 00:15","1529367300","3:1","Ind. del Valle","Dep. Cuenca","Betclic.it","1","1.59","18 Jun 20:03 2018","1529352180","http://www.oddsportal.com/soccer/ecuador/serie-a/independiente-del-valle-dep-cuenca-KW7lI2H9/"
"ecuador","serie-a","2017-2018","Tuesday, 19 Jun 2018, 00:15","1529367300","3:1","Ind. del Valle","Dep. Cuenca","Betclic.it","1","1.57","18 Jun 18:02 2018","1529344920","http://www.oddsportal.com/soccer/ecuador/serie-a/independiente-del-valle-dep-cuenca-KW7lI2H9/"
"ecuador","serie-a","2017-2018","Tuesday, 19 Jun 2018, 00:15","1529367300","3:1","Ind. del Valle","Dep. Cuenca","Betclic.it","1","1.59","18 Jun 14:13 2018","1529331180","http://www.oddsportal.com/soccer/ecuador/serie-a/independiente-del-valle-dep-cuenca-KW7lI2H9/"
"ecuador","serie-a","2017-2018","Tuesday, 19 Jun 2018, 00:15","1529367300","3:1","Ind. del Valle","Dep. Cuenca","Betclic.it","1","1.58","18 Jun 13:57 2018","1529330220","http://www.oddsportal.com/soccer/ecuador/serie-a/independiente-del-valle-dep-cuenca-KW7lI2H9/"
"ecuador","serie-a","2017-2018","Tuesday, 19 Jun 2018, 00:15","1529367300","3:1","Ind. del Valle","Dep. Cuenca","Betclic.it","1","1.55","18 Jun 10:42 2018","1529318520","http://www.oddsportal.com/soccer/ecuador/serie-a/independiente-del-valle-dep-cuenca-KW7lI2H9/"
"ecuador","serie-a","2017-2018","Tuesday, 19 Jun 2018, 00:15","1529367300","3:1","Ind. del Valle","Dep. Cuenca","Betclic.it","1","1.53","18 Jun 09:22 2018","1529313720","http://www.oddsportal.com/soccer/ecuador/serie-a/independiente-del-valle-dep-cuenca-KW7lI2H9/"
"ecuador","serie-a","2017-2018","Tuesday, 19 Jun 2018, 00:15","1529367300","3:1","Ind. del Valle","Dep. Cuenca","Betclic.it","1","1.6","18 Jun 05:53 2018","1529301180","http://www.oddsportal.com/soccer/ecuador/serie-a/independiente-del-valle-dep-cuenca-KW7lI2H9/"
"ecuador","serie-a","2017-2018","Tuesday, 19 Jun 2018, 00:15","1529367300","3:1","Ind. del Valle","Dep. Cuenca","Betclic.it","1","1.62","18 Jun 04:33 2018","1529296380","http://www.oddsportal.com/soccer/ecuador/serie-a/independiente-del-valle-dep-cuenca-KW7lI2H9/"
"ecuador","serie-a","2017-2018","Tuesday, 19 Jun 2018, 00:15","1529367300","3:1","Ind. del Valle","Dep. Cuenca","Betclic.it","1","1.6","18 Jun 04:17 2018","1529295420","http://www.oddsportal.com/soccer/ecuador/serie-a/independiente-del-valle-dep-cuenca-KW7lI2H9/"
"ecuador","serie-a","2017-2018","Tuesday, 19 Jun 2018, 00:15","1529367300","3:1","Ind. del Valle","Dep. Cuenca","Betclic.it","1","1.58","18 Jun 03:17 2018","1529291820","http://www.oddsportal.com/soccer/ecuador/serie-a/independiente-del-valle-dep-cuenca-KW7lI2H9/"
"ecuador","serie-a","2017-2018","Tuesday, 19 Jun 2018, 00:15","1529367300","3:1","Ind. del Valle","Dep. Cuenca","Betclic.it","1","1.61","18 Jun 01:02 2018","1529283720","http://www.oddsportal.com/soccer/ecuador/serie-a/independiente-del-valle-dep-cuenca-KW7lI2H9/"
"ecuador","serie-a","2017-2018","Tuesday, 19 Jun 2018, 00:15","1529367300","3:1","Ind. del Valle","Dep. Cuenca","Betclic.it","1","1.62","16 Jun 00:34 2018","1529109240","http://www.oddsportal.com/soccer/ecuador/serie-a/independiente-del-valle-dep-cuenca-KW7lI2H9/"
"ecuador","serie-a","2017-2018","Tuesday, 19 Jun 2018, 00:15","1529367300","3:1","Ind. del Valle","Dep. Cuenca","Betclic.it","X","3.7","18 Jun 20:53 2018","1529355180","http://www.oddsportal.com/soccer/ecuador/serie-a/independiente-del-valle-dep-cuenca-KW7lI2H9/"
"ecuador","serie-a","2017-2018","Tuesday, 19 Jun 2018, 00:15","1529367300","3:1","Ind. del Valle","Dep. Cuenca","Betclic.it","X","3.6","18 Jun 20:03 2018","1529352180","http://www.oddsportal.com/soccer/ecuador/serie-a/independiente-del-valle-dep-cuenca-KW7lI2H9/"
"ecuador","serie-a","2017-2018","Tuesday, 19 Jun 2018, 00:15","1529367300","3:1","Ind. del Valle","Dep. Cuenca","Betclic.it","X","3.7","18 Jun 18:02 2018","1529344920","http://www.oddsportal.com/soccer/ecuador/serie-a/independiente-del-valle-dep-cuenca-KW7lI2H9/"
"ecuador","serie-a","2017-2018","Tuesday, 19 Jun 2018, 00:15","1529367300","3:1","Ind. del Valle","Dep. Cuenca","Betclic.it","X","3.6","18 Jun 14:13 2018","1529331180","http://www.oddsportal.com/soccer/ecuador/serie-a/independiente-del-valle-dep-cuenca-KW7lI2H9/"
"ecuador","serie-a","2017-2018","Tuesday, 19 Jun 2018, 00:15","1529367300","3:1","Ind. del Valle","Dep. Cuenca","Betclic.it","X","3.65","18 Jun 13:57 2018","1529330220","http://www.oddsportal.com/soccer/ecuador/serie-a/independiente-del-valle-dep-cuenca-KW7lI2H9/"
"ecuador","serie-a","2017-2018","Tuesday, 19 Jun 2018, 00:15","1529367300","3:1","Ind. del Valle","Dep. Cuenca","Betclic.it","X","3.7","18 Jun 10:42 2018","1529318520","http://www.oddsportal.com/soccer/ecuador/serie-a/independiente-del-valle-dep-cuenca-KW7lI2H9/"
"ecuador","serie-a","2017-2018","Tuesday, 19 Jun 2018, 00:15","1529367300","3:1","Ind. del Valle","Dep. Cuenca","Betclic.it","X","3.75","18 Jun 09:22 2018","1529313720","http://www.oddsportal.com/soccer/ecuador/serie-a/independiente-del-valle-dep-cuenca-KW7lI2H9/"
"ecuador","serie-a","2017-2018","Tuesday, 19 Jun 2018, 00:15","1529367300","3:1","Ind. del Valle","Dep. Cuenca","Betclic.it","X","3.6","18 Jun 05:53 2018","1529301180","http://www.oddsportal.com/soccer/ecuador/serie-a/independiente-del-valle-dep-cuenca-KW7lI2H9/"
"ecuador","serie-a","2017-2018","Tuesday, 19 Jun 2018, 00:15","1529367300","3:1","Ind. del Valle","Dep. Cuenca","Betclic.it","X","3.55","18 Jun 04:33 2018","1529296380","http://www.oddsportal.com/soccer/ecuador/serie-a/independiente-del-valle-dep-cuenca-KW7lI2H9/"
"ecuador","serie-a","2017-2018","Tuesday, 19 Jun 2018, 00:15","1529367300","3:1","Ind. del Valle","Dep. Cuenca","Betclic.it","X","3.6","18 Jun 01:02 2018","1529283720","http://www.oddsportal.com/soccer/ecuador/serie-a/independiente-del-valle-dep-cuenca-KW7lI2H9/"
"ecuador","serie-a","2017-2018","Tuesday, 19 Jun 2018, 00:15","1529367300","3:1","Ind. del Valle","Dep. Cuenca","Betclic.it","X","3.5","17 Jun 22:23 2018","1529274180","http://www.oddsportal.com/soccer/ecuador/serie-a/independiente-del-valle-dep-cuenca-KW7lI2H9/"
"ecuador","serie-a","2017-2018","Tuesday, 19 Jun 2018, 00:15","1529367300","3:1","Ind. del Valle","Dep. Cuenca","Betclic.it","X","3.6","16 Jun 00:34 2018","1529109240","http://www.oddsportal.com/soccer/ecuador/serie-a/independiente-del-valle-dep-cuenca-KW7lI2H9/"
"ecuador","serie-a","2017-2018","Tuesday, 19 Jun 2018, 00:15","1529367300","3:1","Ind. del Valle","Dep. Cuenca","Betclic.it","2","4.6","18 Jun 21:53 2018","1529358780","http://www.oddsportal.com/soccer/ecuador/serie-a/independiente-del-valle-dep-cuenca-KW7lI2H9/"
"ecuador","serie-a","2017-2018","Tuesday, 19 Jun 2018, 00:15","1529367300","3:1","Ind. del Valle","Dep. Cuenca","Betclic.it","2","4.5","18 Jun 21:23 2018","1529356980","http://www.oddsportal.com/soccer/ecuador/serie-a/independiente-del-valle-dep-cuenca-KW7lI2H9/"
"ecuador","serie-a","2017-2018","Tuesday, 19 Jun 2018, 00:15","1529367300","3:1","Ind. del Valle","Dep. Cuenca","Betclic.it","2","4.6","18 Jun 20:53 2018","1529355180","http://www.oddsportal.com/soccer/ecuador/serie-a/independiente-del-valle-dep-cuenca-KW7lI2H9/"
"ecuador","serie-a","2017-2018","Tuesday, 19 Jun 2018, 00:15","1529367300","3:1","Ind. del Valle","Dep. Cuenca","Betclic.it","2","4.9","18 Jun 20:03 2018","1529352180","http://www.oddsportal.com/soccer/ecuador/serie-a/independiente-del-valle-dep-cuenca-KW7lI2H9/"
"ecuador","serie-a","2017-2018","Tuesday, 19 Jun 2018, 00:15","1529367300","3:1","Ind. del Valle","Dep. Cuenca","Betclic.it","2","5.0","18 Jun 18:02 2018","1529344920","http://www.oddsportal.com/soccer/ecuador/serie-a/independiente-del-valle-dep-cuenca-KW7lI2H9/"
"ecuador","serie-a","2017-2018","Tuesday, 19 Jun 2018, 00:15","1529367300","3:1","Ind. del Valle","Dep. Cuenca","Betclic.it","2","4.8","18 Jun 14:13 2018","1529331180","http://www.oddsportal.com/soccer/ecuador/serie-a/independiente-del-valle-dep-cuenca-KW7lI2H9/"
"ecuador","serie-a","2017-2018","Tuesday, 19 Jun 2018, 00:15","1529367300","3:1","Ind. del Valle","Dep. Cuenca","Betclic.it","2","4.9","18 Jun 13:57 2018","1529330220","http://www.oddsportal.com/soccer/ecuador/serie-a/independiente-del-valle-dep-cuenca-KW7lI2H9/"
"ecuador","serie-a","2017-2018","Tuesday, 19 Jun 2018, 00:15","1529367300","3:1","Ind. del Valle","Dep. Cuenca","Betclic.it","2","5.2","18 Jun 09:22 2018","1529313720","http://www.oddsportal.com/soccer/ecuador/serie-a/independiente-del-valle-dep-cuenca-KW7lI2H9/"
"ecuador","serie-a","2017-2018","Tuesday, 19 Jun 2018, 00:15","1529367300","3:1","Ind. del Valle","Dep. Cuenca","Betclic.it","2","4.9","18 Jun 05:53 2018","1529301180","http://www.oddsportal.com/soccer/ecuador/serie-a/independiente-del-valle-dep-cuenca-KW7lI2H9/"
"ecuador","serie-a","2017-2018","Tuesday, 19 Jun 2018, 00:15","1529367300","3:1","Ind. del Valle","Dep. Cuenca","Betclic.it","2","4.7","18 Jun 04:33 2018","1529296380","http://www.oddsportal.com/soccer/ecuador/serie-a/independiente-del-valle-dep-cuenca-KW7lI2H9/"
"ecuador","serie-a","2017-2018","Tuesday, 19 Jun 2018, 00:15","1529367300","3:1","Ind. del Valle","Dep. Cuenca","Betclic.it","2","4.8","18 Jun 04:17 2018","1529295420","http://www.oddsportal.com/soccer/ecuador/serie-a/independiente-del-valle-dep-cuenca-KW7lI2H9/"
"ecuador","serie-a","2017-2018","Tuesday, 19 Jun 2018, 00:15","1529367300","3:1","Ind. del Valle","Dep. Cuenca","Betclic.it","2","4.9","18 Jun 03:17 2018","1529291820","http://www.oddsportal.com/soccer/ecuador/serie-a/independiente-del-valle-dep-cuenca-KW7lI2H9/"
"ecuador","serie-a","2017-2018","Tuesday, 19 Jun 2018, 00:15","1529367300","3:1","Ind. del Valle","Dep. Cuenca","Betclic.it","2","4.8","17 Jun 22:23 2018","1529274180","http://www.oddsportal.com/soccer/ecuador/serie-a/independiente-del-valle-dep-cuenca-KW7lI2H9/"
"ecuador","serie-a","2017-2018","Tuesday, 19 Jun 2018, 00:15","1529367300","3:1","Ind. del Valle","Dep. Cuenca","Betclic.it","2","4.7","16 Jun 00:34 2018","1529109240","http://www.oddsportal.com/soccer/ecuador/serie-a/independiente-del-valle-dep-cuenca-KW7lI2H9/"
"ecuador","serie-a","2017-2018","Tuesday, 19 Jun 2018, 00:15","1529367300","3:1","Ind. del Valle","Dep. Cuenca","Unibet.it","1","1.6","18 Jun 19:57 2018","1529351820","http://www.oddsportal.com/soccer/ecuador/serie-a/independiente-del-valle-dep-cuenca-KW7lI2H9/"
"ecuador","serie-a","2017-2018","Tuesday, 19 Jun 2018, 00:15","1529367300","3:1","Ind. del Valle","Dep. Cuenca","Unibet.it","1","1.57","18 Jun 10:45 2018","1529318700","http://www.oddsportal.com/soccer/ecuador/serie-a/independiente-del-valle-dep-cuenca-KW7lI2H9/"
"ecuador","serie-a","2017-2018","Tuesday, 19 Jun 2018, 00:15","1529367300","3:1","Ind. del Valle","Dep. Cuenca","Unibet.it","1","1.52","18 Jun 09:39 2018","1529314740","http://www.oddsportal.com/soccer/ecuador/serie-a/independiente-del-valle-dep-cuenca-KW7lI2H9/"
"ecuador","serie-a","2017-2018","Tuesday, 19 Jun 2018, 00:15","1529367300","3:1","Ind. del Valle","Dep. Cuenca","Unibet.it","1","1.6","18 Jun 09:27 2018","1529314020","http://www.oddsportal.com/soccer/ecuador/serie-a/independiente-del-valle-dep-cuenca-KW7lI2H9/"
"ecuador","serie-a","2017-2018","Tuesday, 19 Jun 2018, 00:15","1529367300","3:1","Ind. del Valle","Dep. Cuenca","Unibet.it","1","1.62","18 Jun 09:21 2018","1529313660","http://www.oddsportal.com/soccer/ecuador/serie-a/independiente-del-valle-dep-cuenca-KW7lI2H9/"
"ecuador","serie-a","2017-2018","Tuesday, 19 Jun 2018, 00:15","1529367300","3:1","Ind. del Valle","Dep. Cuenca","Unibet.it","1","1.65","15 Jun 09:46 2018","1529055960","http://www.oddsportal.com/soccer/ecuador/serie-a/independiente-del-valle-dep-cuenca-KW7lI2H9/"
"ecuador","serie-a","2017-2018","Tuesday, 19 Jun 2018, 00:15","1529367300","3:1","Ind. del Valle","Dep. Cuenca","Unibet.it","X","3.7","18 Jun 19:57 2018","1529351820","http://www.oddsportal.com/soccer/ecuador/serie-a/independiente-del-valle-dep-cuenca-KW7lI2H9/"
"ecuador","serie-a","2017-2018","Tuesday, 19 Jun 2018, 00:15","1529367300","3:1","Ind. del Valle","Dep. Cuenca","Unibet.it","X","3.75","18 Jun 10:45 2018","1529318700","http://www.oddsportal.com/soccer/ecuador/serie-a/independiente-del-valle-dep-cuenca-KW7lI2H9/"
"ecuador","serie-a","2017-2018","Tuesday, 19 Jun 2018, 00:15","1529367300","3:1","Ind. del Valle","Dep. Cuenca","Unibet.it","X","3.7","18 Jun 09:39 2018","1529314740","http://www.oddsportal.com/soccer/ecuador/serie-a/independiente-del-valle-dep-cuenca-KW7lI2H9/"
"ecuador","serie-a","2017-2018","Tuesday, 19 Jun 2018, 00:15","1529367300","3:1","Ind. del Valle","Dep. Cuenca","Unibet.it","X","3.6","18 Jun 09:27 2018","1529314020","http://www.oddsportal.com/soccer/ecuador/serie-a/independiente-del-valle-dep-cuenca-KW7lI2H9/"
"ecuador","serie-a","2017-2018","Tuesday, 19 Jun 2018, 00:15","1529367300","3:1","Ind. del Valle","Dep. Cuenca","Unibet.it","X","3.55","18 Jun 09:21 2018","1529313660","http://www.oddsportal.com/soccer/ecuador/serie-a/independiente-del-valle-dep-cuenca-KW7lI2H9/"
"ecuador","serie-a","2017-2018","Tuesday, 19 Jun 2018, 00:15","1529367300","3:1","Ind. del Valle","Dep. Cuenca","Unibet.it","X","3.6","15 Jun 09:46 2018","1529055960","http://www.oddsportal.com/soccer/ecuador/serie-a/independiente-del-valle-dep-cuenca-KW7lI2H9/"
"ecuador","serie-a","2017-2018","Tuesday, 19 Jun 2018, 00:15","1529367300","3:1","Ind. del Valle","Dep. Cuenca","Unibet.it","2","4.75","18 Jun 19:57 2018","1529351820","http://www.oddsportal.com/soccer/ecuador/serie-a/independiente-del-valle-dep-cuenca-KW7lI2H9/"
"ecuador","serie-a","2017-2018","Tuesday, 19 Jun 2018, 00:15","1529367300","3:1","Ind. del Valle","Dep. Cuenca","Unibet.it","2","5.0","18 Jun 10:45 2018","1529318700","http://www.oddsportal.com/soccer/ecuador/serie-a/independiente-del-valle-dep-cuenca-KW7lI2H9/"
"ecuador","serie-a","2017-2018","Tuesday, 19 Jun 2018, 00:15","1529367300","3:1","Ind. del Valle","Dep. Cuenca","Unibet.it","2","5.6","18 Jun 09:39 2018","1529314740","http://www.oddsportal.com/soccer/ecuador/serie-a/independiente-del-valle-dep-cuenca-KW7lI2H9/"
"ecuador","serie-a","2017-2018","Tuesday, 19 Jun 2018, 00:15","1529367300","3:1","Ind. del Valle","Dep. Cuenca","Unibet.it","2","5.0","18 Jun 09:27 2018","1529314020","http://www.oddsportal.com/soccer/ecuador/serie-a/independiente-del-valle-dep-cuenca-KW7lI2H9/"
"ecuador","serie-a","2017-2018","Tuesday, 19 Jun 2018, 00:15","1529367300","3:1","Ind. del Valle","Dep. Cuenca","Unibet.it","2","4.9","18 Jun 09:21 2018","1529313660","http://www.oddsportal.com/soccer/ecuador/serie-a/independiente-del-valle-dep-cuenca-KW7lI2H9/"
"ecuador","serie-a","2017-2018","Tuesday, 19 Jun 2018, 00:15","1529367300","3:1","Ind. del Valle","Dep. Cuenca","Unibet.it","2","4.5","15 Jun 09:46 2018","1529055960","http://www.oddsportal.com/soccer/ecuador/serie-a/independiente-del-valle-dep-cuenca-KW7lI2H9/"
"ecuador","serie-a","2017-2018","Tuesday, 19 Jun 2018, 00:15","1529367300","3:1","Ind. del Valle","Dep. Cuenca","WilliamHill.it","1","1.62","19 Jun 00:02 2018","1529366520","http://www.oddsportal.com/soccer/ecuador/serie-a/independiente-del-valle-dep-cuenca-KW7lI2H9/"
"ecuador","serie-a","2017-2018","Tuesday, 19 Jun 2018, 00:15","1529367300","3:1","Ind. del Valle","Dep. Cuenca","WilliamHill.it","1","1.57","19 Jun 00:00 2018","1529366400","http://www.oddsportal.com/soccer/ecuador/serie-a/independiente-del-valle-dep-cuenca-KW7lI2H9/"
"ecuador","serie-a","2017-2018","Tuesday, 19 Jun 2018, 00:15","1529367300","3:1","Ind. del Valle","Dep. Cuenca","WilliamHill.it","1","1.6","18 Jun 21:03 2018","1529355780","http://www.oddsportal.com/soccer/ecuador/serie-a/independiente-del-valle-dep-cuenca-KW7lI2H9/"
"ecuador","serie-a","2017-2018","Tuesday, 19 Jun 2018, 00:15","1529367300","3:1","Ind. del Valle","Dep. Cuenca","WilliamHill.it","1","1.57","18 Jun 20:36 2018","1529354160","http://www.oddsportal.com/soccer/ecuador/serie-a/independiente-del-valle-dep-cuenca-KW7lI2H9/"
"ecuador","serie-a","2017-2018","Tuesday, 19 Jun 2018, 00:15","1529367300","3:1","Ind. del Valle","Dep. Cuenca","WilliamHill.it","1","1.62","18 Jun 20:16 2018","1529352960","http://www.oddsportal.com/soccer/ecuador/serie-a/independiente-del-valle-dep-cuenca-KW7lI2H9/"
"ecuador","serie-a","2017-2018","Tuesday, 19 Jun 2018, 00:15","1529367300","3:1","Ind. del Valle","Dep. Cuenca","WilliamHill.it","1","1.57","18 Jun 20:08 2018","1529352480","http://www.oddsportal.com/soccer/ecuador/serie-a/independiente-del-valle-dep-cuenca-KW7lI2H9/"
"ecuador","serie-a","2017-2018","Tuesday, 19 Jun 2018, 00:15","1529367300","3:1","Ind. del Valle","Dep. Cuenca","WilliamHill.it","1","1.65","18 Jun 20:02 2018","1529352120","http://www.oddsportal.com/soccer/ecuador/serie-a/independiente-del-valle-dep-cuenca-KW7lI2H9/"
"ecuador","serie-a","2017-2018","Tuesday, 19 Jun 2018, 00:15","1529367300","3:1","Ind. del Valle","Dep. Cuenca","WilliamHill.it","1","1.57","18 Jun 14:21 2018","1529331660","http://www.oddsportal.com/soccer/ecuador/serie-a/independiente-del-valle-dep-cuenca-KW7lI2H9/"
"ecuador","serie-a","2017-2018","Tuesday, 19 Jun 2018, 00:15","1529367300","3:1","Ind. del Valle","Dep. Cuenca","WilliamHill.it","1","1.5","18 Jun 09:15 2018","1529313300","http://www.oddsportal.com/soccer/ecuador/serie-a/independiente-del-valle-dep-cuenca-KW7lI2H9/"
"ecuador","serie-a","2017-2018","Tuesday, 19 Jun 2018, 00:15","1529367300","3:1","Ind. del Valle","Dep. Cuenca","WilliamHill.it","1","1.57","17 Jun 23:06 2018","1529276760","http://www.oddsportal.com/soccer/ecuador/serie-a/independiente-del-valle-dep-cuenca-KW7lI2H9/"
"ecuador","serie-a","2017-2018","Tuesday, 19 Jun 2018, 00:15","1529367300","3:1","Ind. del Valle","Dep. Cuenca","WilliamHill.it","1","1.62","14 Jun 10:55 2018","1528973700","http://www.oddsportal.com/soccer/ecuador/serie-a/independiente-del-valle-dep-cuenca-KW7lI2H9/"
"ecuador","serie-a","2017-2018","Tuesday, 19 Jun 2018, 00:15","1529367300","3:1","Ind. del Valle","Dep. Cuenca","WilliamHill.it","X","3.8","19 Jun 00:02 2018","1529366520","http://www.oddsportal.com/soccer/ecuador/serie-a/independiente-del-valle-dep-cuenca-KW7lI2H9/"
"ecuador","serie-a","2017-2018","Tuesday, 19 Jun 2018, 00:15","1529367300","3:1","Ind. del Valle","Dep. Cuenca","WilliamHill.it","X","4.0","18 Jun 21:03 2018","1529355780","http://www.oddsportal.com/soccer/ecuador/serie-a/independiente-del-valle-dep-cuenca-KW7lI2H9/"
"ecuador","serie-a","2017-2018","Tuesday, 19 Jun 2018, 00:15","1529367300","3:1","Ind. del Valle","Dep. Cuenca","WilliamHill.it","X","3.9","18 Jun 20:36 2018","1529354160","http://www.oddsportal.com/soccer/ecuador/serie-a/independiente-del-valle-dep-cuenca-KW7lI2H9/"
"ecuador","serie-a","2017-2018","Tuesday, 19 Jun 2018, 00:15","1529367300","3:1","Ind. del Valle","Dep. Cuenca","WilliamHill.it","X","3.8","18 Jun 20:08 2018","1529352480","http://www.oddsportal.com/soccer/ecuador/serie-a/independiente-del-valle-dep-cuenca-KW7lI2H9/"
"ecuador","serie-a","2017-2018","Tuesday, 19 Jun 2018, 00:15","1529367300","3:1","Ind. del Valle","Dep. Cuenca","WilliamHill.it","X","3.7","18 Jun 20:02 2018","1529352120","http://www.oddsportal.com/soccer/ecuador/serie-a/independiente-del-valle-dep-cuenca-KW7lI2H9/"
"ecuador","serie-a","2017-2018","Tuesday, 19 Jun 2018, 00:15","1529367300","3:1","Ind. del Valle","Dep. Cuenca","WilliamHill.it","X","3.8","18 Jun 14:21 2018","1529331660","http://www.oddsportal.com/soccer/ecuador/serie-a/independiente-del-valle-dep-cuenca-KW7lI2H9/"
"ecuador","serie-a","2017-2018","Tuesday, 19 Jun 2018, 00:15","1529367300","3:1","Ind. del Valle","Dep. Cuenca","WilliamHill.it","X","4.0","18 Jun 09:15 2018","1529313300","http://www.oddsportal.com/soccer/ecuador/serie-a/independiente-del-valle-dep-cuenca-KW7lI2H9/"
"ecuador","serie-a","2017-2018","Tuesday, 19 Jun 2018, 00:15","1529367300","3:1","Ind. del Valle","Dep. Cuenca","WilliamHill.it","X","3.9","17 Jun 23:06 2018","1529276760","http://www.oddsportal.com/soccer/ecuador/serie-a/independiente-del-valle-dep-cuenca-KW7lI2H9/"
"ecuador","serie-a","2017-2018","Tuesday, 19 Jun 2018, 00:15","1529367300","3:1","Ind. del Valle","Dep. Cuenca","WilliamHill.it","X","3.6","14 Jun 10:55 2018","1528973700","http://www.oddsportal.com/soccer/ecuador/serie-a/independiente-del-valle-dep-cuenca-KW7lI2H9/"
"ecuador","serie-a","2017-2018","Tuesday, 19 Jun 2018, 00:15","1529367300","3:1","Ind. del Valle","Dep. Cuenca","WilliamHill.it","2","4.6","19 Jun 00:02 2018","1529366520","http://www.oddsportal.com/soccer/ecuador/serie-a/independiente-del-valle-dep-cuenca-KW7lI2H9/"
"ecuador","serie-a","2017-2018","Tuesday, 19 Jun 2018, 00:15","1529367300","3:1","Ind. del Valle","Dep. Cuenca","WilliamHill.it","2","4.75","19 Jun 00:00 2018","1529366400","http://www.oddsportal.com/soccer/ecuador/serie-a/independiente-del-valle-dep-cuenca-KW7lI2H9/"
"ecuador","serie-a","2017-2018","Tuesday, 19 Jun 2018, 00:15","1529367300","3:1","Ind. del Valle","Dep. Cuenca","WilliamHill.it","2","4.4","18 Jun 21:03 2018","1529355780","http://www.oddsportal.com/soccer/ecuador/serie-a/independiente-del-valle-dep-cuenca-KW7lI2H9/"
"ecuador","serie-a","2017-2018","Tuesday, 19 Jun 2018, 00:15","1529367300","3:1","Ind. del Valle","Dep. Cuenca","WilliamHill.it","2","4.8","18 Jun 20:36 2018","1529354160","http://www.oddsportal.com/soccer/ecuador/serie-a/independiente-del-valle-dep-cuenca-KW7lI2H9/"
"ecuador","serie-a","2017-2018","Tuesday, 19 Jun 2018, 00:15","1529367300","3:1","Ind. del Valle","Dep. Cuenca","WilliamHill.it","2","4.6","18 Jun 20:16 2018","1529352960","http://www.oddsportal.com/soccer/ecuador/serie-a/independiente-del-valle-dep-cuenca-KW7lI2H9/"
"ecuador","serie-a","2017-2018","Tuesday, 19 Jun 2018, 00:15","1529367300","3:1","Ind. del Valle","Dep. Cuenca","WilliamHill.it","2","5.0","18 Jun 20:08 2018","1529352480","http://www.oddsportal.com/soccer/ecuador/serie-a/independiente-del-valle-dep-cuenca-KW7lI2H9/"
"ecuador","serie-a","2017-2018","Tuesday, 19 Jun 2018, 00:15","1529367300","3:1","Ind. del Valle","Dep. Cuenca","WilliamHill.it","2","4.5","18 Jun 20:02 2018","1529352120","http://www.oddsportal.com/soccer/ecuador/serie-a/independiente-del-valle-dep-cuenca-KW7lI2H9/"
"ecuador","serie-a","2017-2018","Tuesday, 19 Jun 2018, 00:15","1529367300","3:1","Ind. del Valle","Dep. Cuenca","WilliamHill.it","2","5.0","18 Jun 14:21 2018","1529331660","http://www.oddsportal.com/soccer/ecuador/serie-a/independiente-del-valle-dep-cuenca-KW7lI2H9/"
"ecuador","serie-a","2017-2018","Tuesday, 19 Jun 2018, 00:15","1529367300","3:1","Ind. del Valle","Dep. Cuenca","WilliamHill.it","2","5.5","18 Jun 09:15 2018","1529313300","http://www.oddsportal.com/soccer/ecuador/serie-a/independiente-del-valle-dep-cuenca-KW7lI2H9/"
"ecuador","serie-a","2017-2018","Tuesday, 19 Jun 2018, 00:15","1529367300","3:1","Ind. del Valle","Dep. Cuenca","WilliamHill.it","2","4.8","14 Jun 10:55 2018","1528973700","http://www.oddsportal.com/soccer/ecuador/serie-a/independiente-del-valle-dep-cuenca-KW7lI2H9/"
"ecuador","serie-a","2017-2018","Tuesday, 19 Jun 2018, 00:15","1529367300","3:1","Ind. del Valle","Dep. Cuenca","Unibet.it","1X","1.14","18 Jun 19:57 2018","1529351820","http://www.oddsportal.com/soccer/ecuador/serie-a/independiente-del-valle-dep-cuenca-KW7lI2H9/"
"ecuador","serie-a","2017-2018","Tuesday, 19 Jun 2018, 00:15","1529367300","3:1","Ind. del Valle","Dep. Cuenca","Unibet.it","1X","1.13","18 Jun 10:45 2018","1529318700","http://www.oddsportal.com/soccer/ecuador/serie-a/independiente-del-valle-dep-cuenca-KW7lI2H9/"
"ecuador","serie-a","2017-2018","Tuesday, 19 Jun 2018, 00:15","1529367300","3:1","Ind. del Valle","Dep. Cuenca","Unibet.it","1X","1.1","18 Jun 09:39 2018","1529314740","http://www.oddsportal.com/soccer/ecuador/serie-a/independiente-del-valle-dep-cuenca-KW7lI2H9/"
"ecuador","serie-a","2017-2018","Tuesday, 19 Jun 2018, 00:15","1529367300","3:1","Ind. del Valle","Dep. Cuenca","Unibet.it","1X","1.13","18 Jun 09:21 2018","1529313660","http://www.oddsportal.com/soccer/ecuador/serie-a/independiente-del-valle-dep-cuenca-KW7lI2H9/"
"ecuador","serie-a","2017-2018","Tuesday, 19 Jun 2018, 00:15","1529367300","3:1","Ind. del Valle","Dep. Cuenca","Unibet.it","1X","1.15","15 Jun 09:46 2018","1529055960","http://www.oddsportal.com/soccer/ecuador/serie-a/independiente-del-valle-dep-cuenca-KW7lI2H9/"
"ecuador","serie-a","2017-2018","Tuesday, 19 Jun 2018, 00:15","1529367300","3:1","Ind. del Valle","Dep. Cuenca","Unibet.it","X2","1.22","18 Jun 10:45 2018","1529318700","http://www.oddsportal.com/soccer/ecuador/serie-a/independiente-del-valle-dep-cuenca-KW7lI2H9/"
"ecuador","serie-a","2017-2018","Tuesday, 19 Jun 2018, 00:15","1529367300","3:1","Ind. del Valle","Dep. Cuenca","Unibet.it","X2","1.23","18 Jun 09:39 2018","1529314740","http://www.oddsportal.com/soccer/ecuador/serie-a/independiente-del-valle-dep-cuenca-KW7lI2H9/"
"ecuador","serie-a","2017-2018","Tuesday, 19 Jun 2018, 00:15","1529367300","3:1","Ind. del Valle","Dep. Cuenca","Unibet.it","X2","1.24","15 Jun 09:46 2018","1529055960","http://www.oddsportal.com/soccer/ecuador/serie-a/independiente-del-valle-dep-cuenca-KW7lI2H9/"
"ecuador","serie-a","2017-2018","Tuesday, 19 Jun 2018, 00:15","1529367300","3:1","Ind. del Valle","Dep. Cuenca","Unibet.it","12","2.18","18 Jun 19:57 2018","1529351820","http://www.oddsportal.com/soccer/ecuador/serie-a/independiente-del-valle-dep-cuenca-KW7lI2H9/"
"ecuador","serie-a","2017-2018","Tuesday, 19 Jun 2018, 00:15","1529367300","3:1","Ind. del Valle","Dep. Cuenca","Unibet.it","12","2.25","18 Jun 10:45 2018","1529318700","http://www.oddsportal.com/soccer/ecuador/serie-a/independiente-del-valle-dep-cuenca-KW7lI2H9/"
"ecuador","serie-a","2017-2018","Tuesday, 19 Jun 2018, 00:15","1529367300","3:1","Ind. del Valle","Dep. Cuenca","Unibet.it","12","2.35","18 Jun 09:39 2018","1529314740","http://www.oddsportal.com/soccer/ecuador/serie-a/independiente-del-valle-dep-cuenca-KW7lI2H9/"
"ecuador","serie-a","2017-2018","Tuesday, 19 Jun 2018, 00:15","1529367300","3:1","Ind. del Valle","Dep. Cuenca","Unibet.it","12","2.2","18 Jun 09:27 2018","1529314020","http://www.oddsportal.com/soccer/ecuador/serie-a/independiente-del-valle-dep-cuenca-KW7lI2H9/"
"ecuador","serie-a","2017-2018","Tuesday, 19 Jun 2018, 00:15","1529367300","3:1","Ind. del Valle","Dep. Cuenca","Unibet.it","12","2.16","18 Jun 09:21 2018","1529313660","http://www.oddsportal.com/soccer/ecuador/serie-a/independiente-del-valle-dep-cuenca-KW7lI2H9/"
"ecuador","serie-a","2017-2018","Tuesday, 19 Jun 2018, 00:15","1529367300","3:1","Ind. del Valle","Dep. Cuenca","Unibet.it","12","2.1","15 Jun 09:46 2018","1529055960","http://www.oddsportal.com/soccer/ecuador/serie-a/independiente-del-valle-dep-cuenca-KW7lI2H9/"
